Year,Rank,Company,Ticker,MarketCap_BillionsUSD,ticker,sector,displayName
1989,1,EXXON MOBIL CORPORATION,XOM,62.58,XOM,Energy,EXXON MOBIL CORP
1989,2,INTERNATIONAL BUSINESS MACHINES CORPORATION,IBM,52.03,IBM,Information Technology,INTERNATIONAL BUSINESS MACHINES CORP
1989,3,LOEWS CORPORATION,L,44.59,L,Financials,LOEWS CORP
1989,4,RTX CORPORATION,0R2N,34.67,RTX,Industrials,RTX CORP
1989,5,BRISTOL-MYERS SQUIBB CO,BMY,28.01,BMY,Health Care,BRISTOL-MYERS SQUIBB CO
1989,6,"MERCK & CO., INC.",MRK,27.68,MRK,Health Care,"MERCK & CO., INC."
1989,7,THE COCA-COLA COMPANY,KO,26.37,KO,Consumer Staples,THE COCA-COLA COMPANY
1989,8,WALMART INC.,WMT,25.4,WMT,Consumer Staples,WALMART INC.
1989,9,THE PROCTER & GAMBLE COMPANY,PG,23.01,PG,Consumer Staples,THE PROCTER & GAMBLE COMPANY
1989,10,VERIZON COMMUNICATIONS INC.,VZ,19.81,VZ,Communication Services,VERIZON COMMS INC.
1989,11,JOHNSON & JOHNSON,JNJ,19.77,JNJ,Health Care,JOHNSON & JOHNSON
1989,12,ELI LILLY AND COMPANY,LLY,19.05,LLY,Health Care,ELI LILLY AND COMPANY
1989,13,GENERAL ELECTRIC COMPANY,GE,18.65,GE,Industrials,GENERAL ELECTRIC COMPANY
1989,14,"PEPSICO, INC.",PEP,16.86,PEP,Consumer Staples,"PEPSICO, INC."
1989,15,THE WALT DISNEY COMPANY,DIS,15.17,DIS,Communication Services,THE WALT DISNEY COMPANY
1989,16,AT&T INC.,T,14.47,T,Communication Services,AT&T INC.
1989,17,3M COMPANY,MMM,14.38,MMM,Industrials,3M COMPANY
1989,18,"AMERICAN INTERNATIONAL GROUP, INC.",AIG,14.14,AIG,Financials,"AMERICAN INTERNATIONAL GROUP, INC."
1989,19,THE BOEING COMPANY,BA,13.68,BA,Industrials,THE BOEING COMPANY
1989,20,MCDONALD'S CORPORATION,MCD,12.76,MCD,Consumer Discretionary,MCDONALD'S CORP
1990,1,EXXON MOBIL CORPORATION,XOM,64.43,XOM,Energy,EXXON MOBIL CORP
1990,2,INTERNATIONAL BUSINESS MACHINES CORPORATION,IBM,61.67,IBM,Information Technology,INTERNATIONAL BUSINESS MACHINES CORP
1990,3,WALMART INC.,WMT,34.23,WMT,Consumer Staples,WALMART INC.
1990,4,BRISTOL-MYERS SQUIBB CO,BMY,33.42,BMY,Health Care,BRISTOL-MYERS SQUIBB CO
1990,5,LOEWS CORPORATION,L,32.96,L,Financials,LOEWS CORP
1990,6,"MERCK & CO., INC.",MRK,31.42,MRK,Health Care,"MERCK & CO., INC."
1990,7,THE COCA-COLA COMPANY,KO,31.07,KO,Consumer Staples,THE COCA-COLA COMPANY
1990,8,THE PROCTER & GAMBLE COMPANY,PG,29.82,PG,Consumer Staples,THE PROCTER & GAMBLE COMPANY
1990,9,RTX CORPORATION,0R2N,29.1,RTX,Industrials,RTX CORP
1990,10,JOHNSON & JOHNSON,JNJ,23.9,JNJ,Health Care,JOHNSON & JOHNSON
1990,11,"PEPSICO, INC.",PEP,20.5,PEP,Consumer Staples,"PEPSICO, INC."
1990,12,ELI LILLY AND COMPANY,LLY,19.57,LLY,Health Care,ELI LILLY AND COMPANY
1990,13,VERIZON COMMUNICATIONS INC.,VZ,19,VZ,Communication Services,VERIZON COMMS INC.
1990,14,GENERAL ELECTRIC COMPANY,GE,15.64,GE,Industrials,GENERAL ELECTRIC COMPANY
1990,15,THE BOEING COMPANY,BA,15.59,BA,Industrials,THE BOEING COMPANY
1990,16,3M COMPANY,MMM,15.2,MMM,Industrials,3M COMPANY
1990,17,"AMERICAN INTERNATIONAL GROUP, INC.",AIG,13.63,AIG,Financials,"AMERICAN INTERNATIONAL GROUP, INC."
1990,18,THE WALT DISNEY COMPANY,DIS,13.51,DIS,Communication Services,THE WALT DISNEY COMPANY
1990,19,PFIZER INC.,PFE,12.67,PFE,Health Care,PFIZER INC.
1990,20,AT&T INC.,T,12.67,T,Communication Services,AT&T INC.
1991,1,EXXON MOBIL CORPORATION,XOM,75.61,XOM,Energy,EXXON MOBIL CORP
1991,2,WALMART INC.,WMT,67.62,WMT,Consumer Staples,WALMART INC.
1991,3,"MERCK & CO., INC.",MRK,58.13,MRK,Health Care,"MERCK & CO., INC."
1991,4,THE COCA-COLA COMPANY,KO,53.32,KO,Consumer Staples,THE COCA-COLA COMPANY
1991,5,INTERNATIONAL BUSINESS MACHINES CORPORATION,IBM,48.54,IBM,Information Technology,INTERNATIONAL BUSINESS MACHINES CORP
1991,6,BRISTOL-MYERS SQUIBB CO,BMY,43.65,BMY,Health Care,BRISTOL-MYERS SQUIBB CO
1991,7,JOHNSON & JOHNSON,JNJ,38.15,JNJ,Health Care,JOHNSON & JOHNSON
1991,8,LOEWS CORPORATION,L,35.42,L,Financials,LOEWS CORP
1991,9,RTX CORPORATION,0R2N,33.17,RTX,Industrials,RTX CORP
1991,10,THE PROCTER & GAMBLE COMPANY,PG,31.54,PG,Consumer Staples,THE PROCTER & GAMBLE COMPANY
1991,11,"PEPSICO, INC.",PEP,26.73,PEP,Consumer Staples,"PEPSICO, INC."
1991,12,PFIZER INC.,PFE,26.26,PFE,Health Care,PFIZER INC.
1991,13,ELI LILLY AND COMPANY,LLY,24.43,LLY,Health Care,ELI LILLY AND COMPANY
1991,14,GENERAL ELECTRIC COMPANY,GE,20.63,GE,Industrials,GENERAL ELECTRIC COMPANY
1991,15,MICROSOFT CORPORATION,MSFT,19.72,MSFT,Information Technology,MICROSOFT CORP
1991,16,"AMERICAN INTERNATIONAL GROUP, INC.",AIG,17.45,AIG,Financials,"AMERICAN INTERNATIONAL GROUP, INC."
1991,17,VERIZON COMMUNICATIONS INC.,VZ,17.22,VZ,Communication Services,VERIZON COMMS INC.
1991,18,"Altria Group, Inc.",MO,17.1,MO,Consumer Staples,"Altria Group, Inc."
1991,19,3M COMPANY,MMM,16.83,MMM,Industrials,3M COMPANY
1991,20,THE BOEING COMPANY,BA,16.3,BA,Industrials,THE BOEING COMPANY
1992,1,EXXON MOBIL CORPORATION,XOM,75.92,XOM,Energy,EXXON MOBIL CORP
1992,2,WALMART INC.,WMT,73.55,WMT,Consumer Staples,WALMART INC.
1992,3,THE COCA-COLA COMPANY,KO,54.72,KO,Consumer Staples,THE COCA-COLA COMPANY
1992,4,"MERCK & CO., INC.",MRK,44.81,MRK,Health Care,"MERCK & CO., INC."
1992,5,LOEWS CORPORATION,L,37.57,L,Financials,LOEWS CORP
1992,6,THE PROCTER & GAMBLE COMPANY,PG,36.23,PG,Consumer Staples,THE PROCTER & GAMBLE COMPANY
1992,7,BRISTOL-MYERS SQUIBB CO,BMY,33.23,BMY,Health Care,BRISTOL-MYERS SQUIBB CO
1992,8,"PEPSICO, INC.",PEP,33.15,PEP,Consumer Staples,"PEPSICO, INC."
1992,9,JOHNSON & JOHNSON,JNJ,33.1,JNJ,Health Care,JOHNSON & JOHNSON
1992,10,RTX CORPORATION,0R2N,29.88,RTX,Industrials,RTX CORP
1992,11,INTERNATIONAL BUSINESS MACHINES CORPORATION,IBM,27.5,IBM,Information Technology,INTERNATIONAL BUSINESS MACHINES CORP
1992,12,MICROSOFT CORPORATION,4338,25.87,MSFT,Information Technology,MICROSOFT CORP
1992,13,THE WALT DISNEY COMPANY,DIS,23.04,DIS,Communication Services,THE WALT DISNEY COMPANY
1992,14,GENERAL ELECTRIC COMPANY,GE,22.83,GE,Industrials,GENERAL ELECTRIC COMPANY
1992,15,PFIZER INC.,PFE,22.35,PFE,Health Care,PFIZER INC.
1992,16,"AMERICAN INTERNATIONAL GROUP, INC.",AIG,20.52,AIG,Financials,"AMERICAN INTERNATIONAL GROUP, INC."
1992,17,VERIZON COMMUNICATIONS INC.,VZ,20.04,VZ,Communication Services,VERIZON COMMS INC.
1992,18,"THE HOME DEPOT, INC.",HD,19.83,HD,Consumer Discretionary,"THE HOME DEPOT, INC."
1992,19,INTEL CORPORATION,INTC,18.21,INTC,Information Technology,INTEL CORP
1992,20,ELI LILLY AND COMPANY,LLY,17.78,LLY,Health Care,ELI LILLY AND COMPANY
1993,1,EXXON MOBIL CORPORATION,XOM,78.4,XOM,Energy,EXXON MOBIL CORP
1993,2,THE COCA-COLA COMPANY,KO,57.9,KO,Consumer Staples,THE COCA-COLA COMPANY
1993,3,WALMART INC.,WMT,57.46,WMT,Consumer Staples,WALMART INC.
1993,4,RTX CORPORATION,0R2N,39.2,RTX,Industrials,RTX CORP
1993,5,"MERCK & CO., INC.",MRK,38.9,MRK,Health Care,"MERCK & CO., INC."
1993,6,THE PROCTER & GAMBLE COMPANY,PG,38.64,PG,Consumer Staples,THE PROCTER & GAMBLE COMPANY
1993,7,"PEPSICO, INC.",PEP,32.65,PEP,Consumer Staples,"PEPSICO, INC."
1993,8,INTERNATIONAL BUSINESS MACHINES CORPORATION,IBM,31.38,IBM,Information Technology,INTERNATIONAL BUSINESS MACHINES CORP
1993,9,JOHNSON & JOHNSON,JNJ,28.85,JNJ,Health Care,JOHNSON & JOHNSON
1993,10,BRISTOL-MYERS SQUIBB CO,BMY,28.39,BMY,Health Care,BRISTOL-MYERS SQUIBB CO
1993,11,CHEVRON CORPORATION,CVX,28.38,CVX,Energy,CHEVRON CORP
1993,12,GENERAL ELECTRIC COMPANY,GE,28,GE,Industrials,GENERAL ELECTRIC COMPANY
1993,13,LOEWS CORPORATION,L,27.49,L,Financials,LOEWS CORP
1993,14,INTEL CORPORATION,INTC,25.92,INTC,Information Technology,INTEL CORP
1993,15,"AMERICAN INTERNATIONAL GROUP, INC.",AIG,23.3,AIG,Financials,"AMERICAN INTERNATIONAL GROUP, INC."
1993,16,VERIZON COMMUNICATIONS INC.,VZ,23.28,VZ,Communication Services,VERIZON COMMS INC.
1993,17,MICROSOFT CORPORATION,MSFT,23.06,MSFT,Information Technology,MICROSOFT CORP
1993,18,THE WALT DISNEY COMPANY,DIS,22.91,DIS,Communication Services,THE WALT DISNEY COMPANY
1993,19,PFIZER INC.,PFE,21,PFE,Health Care,PFIZER INC.
1993,20,MCDONALD'S CORPORATION,MCD,20.16,MCD,Consumer Discretionary,MCDONALD'S CORP
1994,1,EXXON MOBIL CORPORATION,XOM,75.42,XOM,Energy,EXXON MOBIL CORP
1994,2,THE COCA-COLA COMPANY,KO,66.32,KO,Consumer Staples,THE COCA-COLA COMPANY
1994,3,WALMART INC.,WMT,48.84,WMT,Consumer Staples,WALMART INC.
1994,4,"MERCK & CO., INC.",MRK,43.39,MRK,Health Care,"MERCK & CO., INC."
1994,5,THE PROCTER & GAMBLE COMPANY,PG,42.17,PG,Consumer Staples,THE PROCTER & GAMBLE COMPANY
1994,6,INTERNATIONAL BUSINESS MACHINES CORPORATION,IBM,41.22,IBM,Information Technology,INTERNATIONAL BUSINESS MACHINES CORP
1994,7,RTX CORPORATION,0R2N,39.32,RTX,Industrials,RTX CORP
1994,8,MICROSOFT CORPORATION,MSFT,35.48,MSFT,Information Technology,MICROSOFT CORP
1994,9,JOHNSON & JOHNSON,JNJ,35.21,JNJ,Health Care,JOHNSON & JOHNSON
1994,10,CHEVRON CORPORATION,CVX,29.08,CVX,Energy,CHEVRON CORP
1994,11,"PEPSICO, INC.",PEP,28.73,PEP,Consumer Staples,"PEPSICO, INC."
1994,12,BRISTOL-MYERS SQUIBB CO,BMY,28.14,BMY,Health Care,BRISTOL-MYERS SQUIBB CO
1994,13,GENERAL ELECTRIC COMPANY,GE,27.21,GE,Industrials,GENERAL ELECTRIC COMPANY
1994,14,INTEL CORPORATION,INTC,26.47,INTC,Information Technology,INTEL CORP
1994,15,"AMERICAN INTERNATIONAL GROUP, INC.",AIG,25.9,AIG,Financials,"AMERICAN INTERNATIONAL GROUP, INC."
1994,16,LOEWS CORPORATION,L,24.78,L,Financials,LOEWS CORP
1994,17,THE WALT DISNEY COMPANY,DIS,24.13,DIS,Communication Services,THE WALT DISNEY COMPANY
1994,18,PFIZER INC.,PFE,23.06,PFE,Health Care,PFIZER INC.
1994,19,"THE HOME DEPOT, INC.",HD,20.79,HD,Consumer Discretionary,"THE HOME DEPOT, INC."
1994,20,MCDONALD'S CORPORATION,MCD,20.43,MCD,Consumer Discretionary,MCDONALD'S CORP
1995,1,EXXON MOBIL CORPORATION,XOM,99.96,XOM,Energy,EXXON MOBIL CORP
1995,2,THE COCA-COLA COMPANY,KO,93.2,KO,Consumer Staples,THE COCA-COLA COMPANY
1995,3,"MERCK & CO., INC.",MRK,72.95,MRK,Health Care,"MERCK & CO., INC."
1995,4,BANK OF AMERICA CORPORATION,BAC,71.61,BAC,Financials,BANK OF AMERICA CORP
1995,5,RTX CORPORATION,0R2N,58.06,RTX,Industrials,RTX CORP
1995,6,THE PROCTER & GAMBLE COMPANY,PG,56.28,PG,Consumer Staples,THE PROCTER & GAMBLE COMPANY
1995,7,JOHNSON & JOHNSON,JNJ,55.38,JNJ,Health Care,JOHNSON & JOHNSON
1995,8,WALMART INC.,WMT,51.05,WMT,Consumer Staples,WALMART INC.
1995,9,MICROSOFT CORPORATION,4338,50.94,MSFT,Information Technology,MICROSOFT CORP
1995,10,INTERNATIONAL BUSINESS MACHINES CORPORATION,IBM,48.73,IBM,Information Technology,INTERNATIONAL BUSINESS MACHINES CORP
1995,11,INTEL CORPORATION,INTC,47.05,INTC,Information Technology,INTEL CORP
1995,12,LOEWS CORPORATION,L,44.33,L,Financials,LOEWS CORP
1995,13,BRISTOL-MYERS SQUIBB CO,BMY,41.26,BMY,Health Care,BRISTOL-MYERS SQUIBB CO
1995,14,"PEPSICO, INC.",PEP,40.27,PEP,Consumer Staples,"PEPSICO, INC."
1995,15,GENERAL ELECTRIC COMPANY,GE,38.34,GE,Industrials,GENERAL ELECTRIC COMPANY
1995,16,PFIZER INC.,PFE,37.97,PFE,Health Care,PFIZER INC.
1995,17,"AMERICAN INTERNATIONAL GROUP, INC.",AIG,36.71,AIG,Financials,"AMERICAN INTERNATIONAL GROUP, INC."
1995,18,CHEVRON CORPORATION,CVX,34.16,CVX,Energy,CHEVRON CORP
1995,19,MCDONALD'S CORPORATION,MCD,31.42,MCD,Consumer Discretionary,MCDONALD'S CORP
1995,20,ELI LILLY AND COMPANY,LLY,31.02,LLY,Health Care,ELI LILLY AND COMPANY
1996,1,THE COCA-COLA COMPANY,KO,130.56,KO,Consumer Staples,THE COCA-COLA COMPANY
1996,2,EXXON MOBIL CORPORATION,XOM,121.72,XOM,Energy,EXXON MOBIL CORP
1996,3,INTEL CORPORATION,4335,107.5,INTC,Information Technology,INTEL CORP
1996,4,"MERCK & CO., INC.",MRK,86.7,MRK,Health Care,"MERCK & CO., INC."
1996,5,INTERNATIONAL BUSINESS MACHINES CORPORATION,IBM,73.51,IBM,Information Technology,INTERNATIONAL BUSINESS MACHINES CORP
1996,6,THE PROCTER & GAMBLE COMPANY,PG,72.23,PG,Consumer Staples,THE PROCTER & GAMBLE COMPANY
1996,7,JOHNSON & JOHNSON,JNJ,66.29,JNJ,Health Care,JOHNSON & JOHNSON
1996,8,WALMART INC.,WMT,52.19,WMT,Consumer Staples,WALMART INC.
1996,9,LOEWS CORPORATION,L,52.03,L,Financials,LOEWS CORP
1996,10,BRISTOL-MYERS SQUIBB CO,BMY,51.81,BMY,Health Care,BRISTOL-MYERS SQUIBB CO
1996,11,GENERAL ELECTRIC COMPANY,GE,50.88,GE,Industrials,GENERAL ELECTRIC COMPANY
1996,12,PFIZER INC.,PFE,50.72,PFE,Health Care,PFIZER INC.
1996,13,THE WALT DISNEY COMPANY,DIS,47.08,DIS,Communication Services,THE WALT DISNEY COMPANY
1996,14,"AMERICAN INTERNATIONAL GROUP, INC.",AIG,42.57,AIG,Financials,"AMERICAN INTERNATIONAL GROUP, INC."
1996,15,CHEVRON CORPORATION,CVX,42.45,CVX,Energy,CHEVRON CORP
1996,16,"PEPSICO, INC.",PEP,41.99,PEP,Consumer Staples,"PEPSICO, INC."
1996,17,"CISCO SYSTEMS, INC.",CSCO,41.71,CSCO,Information Technology,"CISCO SYSTEMS, INC."
1996,18,BERKSHIRE HATHAWAY INC.,BRK.A,41.11,BRK.B,Financials,BERKSHIRE HATHAWAY INC.
1996,19,ELI LILLY AND COMPANY,LLY,40.63,LLY,Health Care,ELI LILLY AND COMPANY
1996,20,CITIGROUP INC.,C,39.76,C,Financials,CITIGROUP INC.
1997,1,THE COCA-COLA COMPANY,KO,164.61,KO,Consumer Staples,THE COCA-COLA COMPANY
1997,2,MICROSOFT CORPORATION,MSFT,157.36,MSFT,Information Technology,MICROSOFT CORP
1997,3,EXXON MOBIL CORPORATION,XOM,150.34,XOM,Energy,EXXON MOBIL CORP
1997,4,GENERAL ELECTRIC COMPANY,GE,149.53,GE,Industrials,GENERAL ELECTRIC COMPANY
1997,5,INTEL CORPORATION,4335,114.37,INTC,Information Technology,INTEL CORP
1997,6,"MERCK & CO., INC.",MRK,114.18,MRK,Health Care,"MERCK & CO., INC."
1997,7,THE PROCTER & GAMBLE COMPANY,PG,105.77,PG,Consumer Staples,THE PROCTER & GAMBLE COMPANY
1997,8,INTERNATIONAL BUSINESS MACHINES CORPORATION,IBM,95.69,IBM,Information Technology,INTERNATIONAL BUSINESS MACHINES CORP
1997,9,PFIZER INC.,PFE,91.4,PFE,Health Care,PFIZER INC.
1997,10,BRISTOL-MYERS SQUIBB CO,BMY,89.48,BMY,Health Care,BRISTOL-MYERS SQUIBB CO
1997,11,JOHNSON & JOHNSON,JNJ,88.61,JNJ,Health Care,JOHNSON & JOHNSON
1997,12,WALMART INC.,WMT,88.57,WMT,Consumer Staples,WALMART INC.
1997,13,ELI LILLY AND COMPANY,LLY,77.32,LLY,Health Care,ELI LILLY AND COMPANY
1997,14,THE WALT DISNEY COMPANY,DIS,67.07,DIS,Communication Services,THE WALT DISNEY COMPANY
1997,15,"AMERICAN INTERNATIONAL GROUP, INC.",AIG,63.73,AIG,Financials,"AMERICAN INTERNATIONAL GROUP, INC."
1997,16,VERIZON COMMUNICATIONS INC.,VZ,63.66,VZ,Communication Services,VERIZON COMMS INC.
1997,17,LOEWS CORPORATION,L,58.58,L,Financials,LOEWS CORP
1997,18,CITIGROUP INC.,C,57.9,C,Financials,CITIGROUP INC.
1997,19,BERKSHIRE HATHAWAY INC.,BRK.A,56.98,BRK.B,Financials,BERKSHIRE HATHAWAY INC.
1997,20,"CISCO SYSTEMS, INC.",CSCO,56.04,CSCO,Information Technology,"CISCO SYSTEMS, INC."
1998,1,MICROSOFT CORPORATION,MSFT,348.11,MSFT,Information Technology,MICROSOFT CORP
1998,2,GENERAL ELECTRIC COMPANY,GE,208.42,GE,Industrials,GENERAL ELECTRIC COMPANY
1998,3,INTEL CORPORATION,4335,196.52,INTC,Information Technology,INTEL CORP
1998,4,WALMART INC.,WMT,181.07,WMT,Consumer Staples,WALMART INC.
1998,5,EXXON MOBIL CORPORATION,XOM,177.55,XOM,Energy,EXXON MOBIL CORP
1998,6,THE COCA-COLA COMPANY,KO,164.88,KO,Consumer Staples,THE COCA-COLA COMPANY
1998,7,INTERNATIONAL BUSINESS MACHINES CORPORATION,IBM,161.63,IBM,Information Technology,INTERNATIONAL BUSINESS MACHINES CORP
1998,8,"MERCK & CO., INC.",MRK,157.1,MRK,Health Care,"MERCK & CO., INC."
1998,9,PFIZER INC.,PFE,153.77,PFE,Health Care,PFIZER INC.
1998,10,"CISCO SYSTEMS, INC.",CSCO,145.99,CSCO,Information Technology,"CISCO SYSTEMS, INC."
1998,11,BRISTOL-MYERS SQUIBB CO,BMY,126.7,BMY,Health Care,BRISTOL-MYERS SQUIBB CO
1998,12,THE PROCTER & GAMBLE COMPANY,PG,119.62,PG,Consumer Staples,THE PROCTER & GAMBLE COMPANY
1998,13,CITIGROUP INC.,C,118.8,C,Financials,CITIGROUP INC.
1998,14,JOHNSON & JOHNSON,JNJ,112.73,JNJ,Health Care,JOHNSON & JOHNSON
1998,15,BANK OF AMERICA CORPORATION,BAC,103.68,BAC,Financials,BANK OF AMERICA CORP
1998,16,ELI LILLY AND COMPANY,LLY,97.44,LLY,Health Care,ELI LILLY AND COMPANY
1998,17,BERKSHIRE HATHAWAY INC.,BRK.A,87.87,BRK.B,Financials,BERKSHIRE HATHAWAY INC.
1998,18,"AMERICAN INTERNATIONAL GROUP, INC.",AIG,84.98,AIG,Financials,"AMERICAN INTERNATIONAL GROUP, INC."
1998,19,"THE HOME DEPOT, INC.",HD,84.22,HD,Consumer Discretionary,"THE HOME DEPOT, INC."
1998,20,AT&T INC.,T,79.29,T,Communication Services,AT&T INC.
1999,1,MICROSOFT CORPORATION,MSFT,604.41,MSFT,Information Technology,MICROSOFT CORP
1999,2,"CISCO SYSTEMS, INC.",CSCO,355.12,CSCO,Information Technology,"CISCO SYSTEMS, INC."
1999,3,GENERAL ELECTRIC COMPANY,GE,318.01,GE,Industrials,GENERAL ELECTRIC COMPANY
1999,4,WALMART INC.,WMT,307.88,WMT,Consumer Staples,WALMART INC.
1999,5,EXXON MOBIL CORPORATION,XOM,280.12,XOM,Energy,EXXON MOBIL CORP
1999,6,INTEL CORPORATION,INTC,274.43,INTC,Information Technology,INTEL CORP
1999,7,CITIGROUP INC.,C,200.66,C,Financials,CITIGROUP INC.
1999,8,INTERNATIONAL BUSINESS MACHINES CORPORATION,IBM,184.06,IBM,Information Technology,INTERNATIONAL BUSINESS MACHINES CORP
1999,9,ORACLE CORPORATION,ORCL,158.09,ORCL,Information Technology,ORACLE CORP
1999,10,"THE HOME DEPOT, INC.",HD,157.88,HD,Consumer Discretionary,"THE HOME DEPOT, INC."
1999,11,"MERCK & CO., INC.",MRK,148.93,MRK,Health Care,"MERCK & CO., INC."
1999,12,THE COCA-COLA COMPANY,KO,143.97,KO,Consumer Staples,THE COCA-COLA COMPANY
1999,13,THE PROCTER & GAMBLE COMPANY,PG,142.37,PG,Consumer Staples,THE PROCTER & GAMBLE COMPANY
1999,14,"AMERICAN INTERNATIONAL GROUP, INC.",AIG,140.33,AIG,Financials,"AMERICAN INTERNATIONAL GROUP, INC."
1999,15,JOHNSON & JOHNSON,JNJ,129.41,JNJ,Health Care,JOHNSON & JOHNSON
1999,16,QUALCOMM INCORPORATED,QCOM,124.74,QCOM,Information Technology,QUALCOMM INC
1999,17,BRISTOL-MYERS SQUIBB CO,BMY,121.06,BMY,Health Care,BRISTOL-MYERS SQUIBB CO
1999,18,PFIZER INC.,PFE,118.22,PFE,Health Care,PFIZER INC.
1999,19,AT&T INC.,T,117.54,T,Communication Services,AT&T INC.
1999,20,VERIZON COMMUNICATIONS INC.,VZ,86.11,VZ,Communication Services,VERIZON COMMS INC.
2000,1,EXXON MOBIL CORPORATION,XOM,302.21,XOM,Energy,EXXON MOBIL CORP
2000,2,GENERAL ELECTRIC COMPANY,GE,296.22,GE,Industrials,GENERAL ELECTRIC COMPANY
2000,3,"CISCO SYSTEMS, INC.",CSCO,275.29,CSCO,Information Technology,"CISCO SYSTEMS, INC."
2000,4,PFIZER INC.,PFE,274.93,PFE,Health Care,PFIZER INC.
2000,5,WALMART INC.,WMT,237.29,WMT,Consumer Staples,WALMART INC.
2000,6,MICROSOFT CORPORATION,MSFT,231.29,MSFT,Information Technology,MICROSOFT CORP
2000,7,CITIGROUP INC.,C,229.4,C,Financials,CITIGROUP INC.
2000,8,"MERCK & CO., INC.",MRK,205.88,MRK,Health Care,"MERCK & CO., INC."
2000,9,INTEL CORPORATION,INTC,202.32,INTC,Information Technology,INTEL CORP
2000,10,"AMERICAN INTERNATIONAL GROUP, INC.",AIG,191.21,AIG,Financials,"AMERICAN INTERNATIONAL GROUP, INC."
2000,11,ORACLE CORPORATION,ORCL,162.2,ORCL,Information Technology,ORACLE CORP
2000,12,THE COCA-COLA COMPANY,KO,151.11,KO,Consumer Staples,THE COCA-COLA COMPANY
2000,13,JOHNSON & JOHNSON,JNJ,146.04,JNJ,Health Care,JOHNSON & JOHNSON
2000,14,INTERNATIONAL BUSINESS MACHINES CORPORATION,IBM,142.44,IBM,Information Technology,INTERNATIONAL BUSINESS MACHINES CORP
2000,15,BRISTOL-MYERS SQUIBB CO,BMY,137.66,BMY,Health Care,BRISTOL-MYERS SQUIBB CO
2000,16,AT&T INC.,T,121.98,T,Communication Services,AT&T INC.
2000,17,VERIZON COMMUNICATIONS INC.,VZ,121.88,VZ,Communication Services,VERIZON COMMS INC.
2000,18,BERKSHIRE HATHAWAY INC.,BRK.A,107.75,BRK.B,Financials,BERKSHIRE HATHAWAY INC.
2000,19,"THE HOME DEPOT, INC.",HD,106.05,HD,Consumer Discretionary,"THE HOME DEPOT, INC."
2000,20,ELI LILLY AND COMPANY,LLY,104.91,LLY,Health Care,ELI LILLY AND COMPANY
2001,1,MICROSOFT CORPORATION,MSFT,357.95,MSFT,Information Technology,MICROSOFT CORP
2001,2,EXXON MOBIL CORPORATION,XOM,267.59,XOM,Energy,EXXON MOBIL CORP
2001,3,CITIGROUP INC.,C,259.91,C,Financials,CITIGROUP INC.
2001,4,WALMART INC.,WMT,256.51,WMT,Consumer Staples,WALMART INC.
2001,5,GENERAL ELECTRIC COMPANY,GE,248.34,GE,Industrials,GENERAL ELECTRIC COMPANY
2001,6,PFIZER INC.,PFE,236.96,PFE,Health Care,PFIZER INC.
2001,7,INTEL CORPORATION,4335,210.4,INTC,Information Technology,INTEL CORP
2001,8,INTERNATIONAL BUSINESS MACHINES CORPORATION,IBM,199.09,IBM,Information Technology,INTERNATIONAL BUSINESS MACHINES CORP
2001,9,JOHNSON & JOHNSON,JNJ,180.09,JNJ,Health Care,JOHNSON & JOHNSON
2001,10,"AMERICAN INTERNATIONAL GROUP, INC.",AIG,173.98,AIG,Financials,"AMERICAN INTERNATIONAL GROUP, INC."
2001,11,"CISCO SYSTEMS, INC.",CSCO,132.84,CSCO,Information Technology,"CISCO SYSTEMS, INC."
2001,12,"MERCK & CO., INC.",MRK,127.43,MRK,Health Care,"MERCK & CO., INC."
2001,13,"THE HOME DEPOT, INC.",HD,119.53,HD,Consumer Discretionary,"THE HOME DEPOT, INC."
2001,14,THE COCA-COLA COMPANY,KO,117.23,KO,Consumer Staples,THE COCA-COLA COMPANY
2001,15,VERIZON COMMUNICATIONS INC.,VZ,116.18,VZ,Communication Services,VERIZON COMMS INC.
2001,16,BERKSHIRE HATHAWAY INC.,BRK.A,115.76,BRK.B,Financials,BERKSHIRE HATHAWAY INC.
2001,17,THE PROCTER & GAMBLE COMPANY,PG,101.3,PG,Consumer Staples,THE PROCTER & GAMBLE COMPANY
2001,18,AT&T INC.,T,99.15,T,Communication Services,AT&T INC.
2001,19,BRISTOL-MYERS SQUIBB CO,BMY,98.72,BMY,Health Care,BRISTOL-MYERS SQUIBB CO
2001,20,BANK OF AMERICA CORPORATION,BAC,98.16,BAC,Financials,BANK OF AMERICA CORP
2002,1,MICROSOFT CORPORATION,MSFT,276.63,MSFT,Information Technology,MICROSOFT CORP
2002,2,EXXON MOBIL CORPORATION,XOM,234.1,XOM,Energy,EXXON MOBIL CORP
2002,3,WALMART INC.,WMT,222.95,WMT,Consumer Staples,WALMART INC.
2002,4,CITIGROUP INC.,C,180.9,C,Financials,CITIGROUP INC.
2002,5,PFIZER INC.,PFE,178.45,PFE,Health Care,PFIZER INC.
2002,6,JOHNSON & JOHNSON,JNJ,159.43,JNJ,Health Care,JOHNSON & JOHNSON
2002,7,GENERAL ELECTRIC COMPANY,GE,151.75,GE,Industrials,GENERAL ELECTRIC COMPANY
2002,8,INTERNATIONAL BUSINESS MACHINES CORPORATION,IBM,127.5,IBM,Information Technology,INTERNATIONAL BUSINESS MACHINES CORP
2002,9,"AMERICAN INTERNATIONAL GROUP, INC.",AIG,126.48,AIG,Financials,"AMERICAN INTERNATIONAL GROUP, INC."
2002,10,"MERCK & CO., INC.",MRK,121.18,MRK,Health Care,"MERCK & CO., INC."
2002,11,BERKSHIRE HATHAWAY INC.,BRK.A,111.55,BRK.B,Financials,BERKSHIRE HATHAWAY INC.
2002,12,THE PROCTER & GAMBLE COMPANY,PG,111.11,PG,Consumer Staples,THE PROCTER & GAMBLE COMPANY
2002,13,THE COCA-COLA COMPANY,KO,108.33,KO,Consumer Staples,THE COCA-COLA COMPANY
2002,14,BANK OF AMERICA CORPORATION,BAC,104.4,BAC,Financials,BANK OF AMERICA CORP
2002,15,INTEL CORPORATION,INTC,102.37,INTC,Information Technology,INTEL CORP
2002,16,VERIZON COMMUNICATIONS INC.,VZ,95.85,VZ,Communication Services,VERIZON COMMS INC.
2002,17,"CISCO SYSTEMS, INC.",CSCO,94.65,CSCO,Information Technology,"CISCO SYSTEMS, INC."
2002,18,WELLS FARGO & COMPANY,WFC,79.02,WFC,Financials,WELLS FARGO & COMPANY
2002,19,"PEPSICO, INC.",PEP,72.7,PEP,Consumer Staples,"PEPSICO, INC."
2002,20,ELI LILLY AND COMPANY,LLY,71.28,LLY,Health Care,ELI LILLY AND COMPANY
2003,1,MICROSOFT CORPORATION,MSFT,295.29,MSFT,Information Technology,MICROSOFT CORP
2003,2,EXXON MOBIL CORPORATION,XOM,269.29,XOM,Energy,EXXON MOBIL CORP
2003,3,PFIZER INC.,PFE,255.34,PFE,Health Care,PFIZER INC.
2003,4,CITIGROUP INC.,C,250.32,C,Financials,CITIGROUP INC.
2003,5,WALMART INC.,WMT,229.59,WMT,Consumer Staples,WALMART INC.
2003,6,INTEL CORPORATION,INTC,207.91,INTC,Information Technology,INTEL CORP
2003,7,GENERAL ELECTRIC COMPANY,GE,194.72,GE,Industrials,GENERAL ELECTRIC COMPANY
2003,8,"CISCO SYSTEMS, INC.",CSCO,167.27,CSCO,Information Technology,"CISCO SYSTEMS, INC."
2003,9,JOHNSON & JOHNSON,JNJ,153.33,JNJ,Health Care,JOHNSON & JOHNSON
2003,10,INTERNATIONAL BUSINESS MACHINES CORPORATION,IBM,150.01,IBM,Information Technology,INTERNATIONAL BUSINESS MACHINES CORP
2003,11,"AMERICAN INTERNATIONAL GROUP, INC.",AIG,144.84,AIG,Financials,"AMERICAN INTERNATIONAL GROUP, INC."
2003,12,BERKSHIRE HATHAWAY INC.,BRK.A,129.77,BRK.B,Financials,BERKSHIRE HATHAWAY INC.
2003,13,THE PROCTER & GAMBLE COMPANY,PG,129.08,PG,Consumer Staples,THE PROCTER & GAMBLE COMPANY
2003,14,THE COCA-COLA COMPANY,KO,123.91,KO,Consumer Staples,THE COCA-COLA COMPANY
2003,15,BANK OF AMERICA CORPORATION,BAC,115.91,BAC,Financials,BANK OF AMERICA CORP
2003,16,WELLS FARGO & COMPANY,WFC,100,WFC,Financials,WELLS FARGO & COMPANY
2003,17,"MERCK & CO., INC.",MRK,97.88,MRK,Health Care,"MERCK & CO., INC."
2003,18,CHEVRON CORPORATION,CVX,92.36,CVX,Energy,CHEVRON CORP
2003,19,VERIZON COMMUNICATIONS INC.,VZ,87.47,VZ,Communication Services,VERIZON COMMS INC.
2003,20,"UNITED PARCEL SERVICE, INC.",UPS,84.17,UPS,Industrials,"UNITED PARCEL SERVICE, INC."
2004,1,EXXON MOBIL CORPORATION,XOM,328.12,XOM,Energy,EXXON MOBIL CORP
2004,2,MICROSOFT CORPORATION,MSFT,290.72,MSFT,Information Technology,MICROSOFT CORP
2004,3,CITIGROUP INC.,C,250.28,C,Financials,CITIGROUP INC.
2004,4,GENERAL ELECTRIC COMPANY,GE,241.28,GE,Industrials,GENERAL ELECTRIC COMPANY
2004,5,WALMART INC.,WMT,223.69,WMT,Consumer Staples,WALMART INC.
2004,6,BANK OF AMERICA CORPORATION,BAC,190.48,BAC,Financials,BANK OF AMERICA CORP
2004,7,PFIZER INC.,PFE,190.37,PFE,Health Care,PFIZER INC.
2004,8,JOHNSON & JOHNSON,JNJ,188.42,JNJ,Health Care,JOHNSON & JOHNSON
2004,9,INTERNATIONAL BUSINESS MACHINES CORPORATION,IBM,154.95,IBM,Information Technology,INTERNATIONAL BUSINESS MACHINES CORP
2004,10,INTEL CORPORATION,INTC,146.26,INTC,Information Technology,INTEL CORP
2004,11,"AMERICAN INTERNATIONAL GROUP, INC.",AIG,142.85,AIG,Financials,"AMERICAN INTERNATIONAL GROUP, INC."
2004,12,THE PROCTER & GAMBLE COMPANY,PG,138.94,PG,Consumer Staples,THE PROCTER & GAMBLE COMPANY
2004,13,JPMORGAN CHASE & CO.,JPM,138.73,JPM,Financials,JPMORGAN CHASE & CO.
2004,14,BERKSHIRE HATHAWAY INC.,BRK.A,135.53,BRK.B,Financials,BERKSHIRE HATHAWAY INC.
2004,15,"CISCO SYSTEMS, INC.",CSCO,127.22,CSCO,Information Technology,"CISCO SYSTEMS, INC."
2004,16,CHEVRON CORPORATION,CVX,110.64,CVX,Energy,CHEVRON CORP
2004,17,WELLS FARGO & COMPANY,WFC PR L,105.32,WFC,Financials,WELLS FARGO & COMPANY
2004,18,VERIZON COMMUNICATIONS INC.,VZ,101.09,VZ,Communication Services,VERIZON COMMS INC.
2004,19,THE COCA-COLA COMPANY,KO,100.32,KO,Consumer Staples,THE COCA-COLA COMPANY
2004,20,"UNITED PARCEL SERVICE, INC.",UPS,96.23,UPS,Industrials,"UNITED PARCEL SERVICE, INC."
2005,1,EXXON MOBIL CORPORATION,XOM,349.51,XOM,Energy,EXXON MOBIL CORP
2005,2,MICROSOFT CORPORATION,MSFT,278.36,MSFT,Information Technology,MICROSOFT CORP
2005,3,CITIGROUP INC.,C,245.51,C,Financials,CITIGROUP INC.
2005,4,GENERAL ELECTRIC COMPANY,GE,230.95,GE,Industrials,GENERAL ELECTRIC COMPANY
2005,5,WALMART INC.,WMT,194.85,WMT,Consumer Staples,WALMART INC.
2005,6,BANK OF AMERICA CORPORATION,BAC,185.34,BAC,Financials,BANK OF AMERICA CORP
2005,7,JOHNSON & JOHNSON,JNJ,178.79,JNJ,Health Care,JOHNSON & JOHNSON
2005,8,PFIZER INC.,PFE,162.85,PFE,Health Care,PFIZER INC.
2005,9,INTEL CORPORATION,INTC,150.48,INTC,Information Technology,INTEL CORP
2005,10,"AMERICAN INTERNATIONAL GROUP, INC.",AIG,148.37,AIG,Financials,"AMERICAN INTERNATIONAL GROUP, INC."
2005,11,JPMORGAN CHASE & CO.,JPM,138.88,JPM,Financials,JPMORGAN CHASE & CO.
2005,12,THE PROCTER & GAMBLE COMPANY,PG,137.62,PG,Consumer Staples,THE PROCTER & GAMBLE COMPANY
2005,13,BERKSHIRE HATHAWAY INC.,BRK.A,135.68,BRK.B,Financials,BERKSHIRE HATHAWAY INC.
2005,14,CHEVRON CORPORATION,CVX,127.45,CVX,Energy,CHEVRON CORP
2005,15,INTERNATIONAL BUSINESS MACHINES CORPORATION,IBM,124.01,IBM,Information Technology,INTERNATIONAL BUSINESS MACHINES CORP
2005,16,ALPHABET INC.,GOOG,122.49,GOOG,Communication Services,ALPHABET INC.
2005,17,"CISCO SYSTEMS, INC.",CSCO,105.16,CSCO,Information Technology,"CISCO SYSTEMS, INC."
2005,18,WELLS FARGO & COMPANY,WFC,105.07,WFC,Financials,WELLS FARGO & COMPANY
2005,19,"PEPSICO, INC.",PEP,98.13,PEP,Consumer Staples,"PEPSICO, INC."
2005,20,AMGEN INC.,AMGN,97.34,AMGN,Health Care,AMGEN INC.
2006,1,EXXON MOBIL CORPORATION,XOM,446.94,XOM,Energy,EXXON MOBIL CORP
2006,2,MICROSOFT CORPORATION,MSFT,293.54,MSFT,Information Technology,MICROSOFT CORP
2006,3,CITIGROUP INC.,C,273.69,C,Financials,CITIGROUP INC.
2006,4,BANK OF AMERICA CORPORATION,BAC,239.76,BAC,Financials,BANK OF AMERICA CORP
2006,5,GENERAL ELECTRIC COMPANY,GE,239.2,GE,Industrials,GENERAL ELECTRIC COMPANY
2006,6,THE PROCTER & GAMBLE COMPANY,PG,203.66,PG,Consumer Staples,THE PROCTER & GAMBLE COMPANY
2006,7,WALMART INC.,WMT,192.48,WMT,Consumer Staples,WALMART INC.
2006,8,JOHNSON & JOHNSON,JNJ,191.42,JNJ,Health Care,JOHNSON & JOHNSON
2006,9,PFIZER INC.,PFE,176.92,PFE,Health Care,PFIZER INC.
2006,10,BERKSHIRE HATHAWAY INC.,BRK.A,169.64,BRK.B,Financials,BERKSHIRE HATHAWAY INC.
2006,11,JPMORGAN CHASE & CO.,JPM,167.55,JPM,Financials,JPMORGAN CHASE & CO.
2006,12,"CISCO SYSTEMS, INC.",CSCO,165.97,CSCO,Information Technology,"CISCO SYSTEMS, INC."
2006,13,CHEVRON CORPORATION,CVX,160.29,CVX,Energy,CHEVRON CORP
2006,14,"AMERICAN INTERNATIONAL GROUP, INC.",AIG,156.08,AIG,Financials,"AMERICAN INTERNATIONAL GROUP, INC."
2006,15,ALPHABET INC.,GOOG,140.84,GOOG,Communication Services,ALPHABET INC.
2006,16,INTERNATIONAL BUSINESS MACHINES CORPORATION,IBM,139.78,IBM,Information Technology,INTERNATIONAL BUSINESS MACHINES CORP
2006,17,WELLS FARGO & COMPANY,WFC PR L,120.05,WFC,Financials,WELLS FARGO & COMPANY
2006,18,INTEL CORPORATION,INTC,116.76,INTC,Information Technology,INTEL CORP
2006,19,THE COCA-COLA COMPANY,KO,113.09,KO,Consumer Staples,THE COCA-COLA COMPANY
2006,20,AT&T INC.,T,103.68,T,Communication Services,AT&T INC.
2007,1,EXXON MOBIL CORPORATION,XOM,504.24,XOM,Energy,EXXON MOBIL CORP
2007,2,MICROSOFT CORPORATION,MSFT,332.11,MSFT,Information Technology,MICROSOFT CORP
2007,3,GENERAL ELECTRIC COMPANY,GE,230.89,GE,Industrials,GENERAL ELECTRIC COMPANY
2007,4,THE PROCTER & GAMBLE COMPANY,PG,225.95,PG,Consumer Staples,THE PROCTER & GAMBLE COMPANY
2007,5,BERKSHIRE HATHAWAY INC.,BRK.A,219.9,BRK.B,Financials,BERKSHIRE HATHAWAY INC.
2007,6,ALPHABET INC.,GOOG,216.11,GOOG,Communication Services,ALPHABET INC.
2007,7,CHEVRON CORPORATION,CVX,195.1,CVX,Energy,CHEVRON CORP
2007,8,WALMART INC.,WMT,190.35,WMT,Consumer Staples,WALMART INC.
2007,9,AT&T INC.,T,189.56,T,Communication Services,AT&T INC.
2007,10,JOHNSON & JOHNSON,JNJ,189.44,JNJ,Health Care,JOHNSON & JOHNSON
2007,11,BANK OF AMERICA CORPORATION,BAC,183.29,BAC,Financials,BANK OF AMERICA CORP
2007,12,APPLE INC.,AAPL,174.04,AAPL,Information Technology,APPLE INC.
2007,13,"CISCO SYSTEMS, INC.",CSCO,164.23,CSCO,Information Technology,"CISCO SYSTEMS, INC."
2007,14,CITIGROUP INC.,C,161.26,C,Financials,CITIGROUP INC.
2007,15,INTEL CORPORATION,INTC,154.31,INTC,Information Technology,INTEL CORP
2007,16,JPMORGAN CHASE & CO.,JPM,146.99,JPM,Financials,JPMORGAN CHASE & CO.
2007,17,PFIZER INC.,PFE,145.58,PFE,Health Care,PFIZER INC.
2007,18,INTERNATIONAL BUSINESS MACHINES CORPORATION,IBM,142.94,IBM,Information Technology,INTERNATIONAL BUSINESS MACHINES CORP
2007,19,THE COCA-COLA COMPANY,KO,142.26,KO,Consumer Staples,THE COCA-COLA COMPANY
2007,20,"AMERICAN INTERNATIONAL GROUP, INC.",AIG,123.55,AIG,Financials,"AMERICAN INTERNATIONAL GROUP, INC."
2008,1,EXXON MOBIL CORPORATION,XOM,406.07,XOM,Energy,EXXON MOBIL CORP
2008,2,WALMART INC.,WMT,219.9,WMT,Consumer Staples,WALMART INC.
2008,3,THE PROCTER & GAMBLE COMPANY,PG,181.18,PG,Consumer Staples,THE PROCTER & GAMBLE COMPANY
2008,4,MICROSOFT CORPORATION,MSFT,172.93,MSFT,Information Technology,MICROSOFT CORP
2008,5,JOHNSON & JOHNSON,JNJ,166,JNJ,Health Care,JOHNSON & JOHNSON
2008,6,BERKSHIRE HATHAWAY INC.,BRK.A,149.38,BRK.B,Financials,BERKSHIRE HATHAWAY INC.
2008,7,CHEVRON CORPORATION,CVX,148.25,CVX,Energy,CHEVRON CORP
2008,8,AT&T INC.,T,126.75,T,Communication Services,AT&T INC.
2008,9,JPMORGAN CHASE & CO.,JPM,117.68,JPM,Financials,JPMORGAN CHASE & CO.
2008,10,PFIZER INC.,PFE,113.13,PFE,Health Care,PFIZER INC.
2008,11,INTERNATIONAL BUSINESS MACHINES CORPORATION,IBM,107.65,IBM,Information Technology,INTERNATIONAL BUSINESS MACHINES CORP
2008,12,THE COCA-COLA COMPANY,KO,104.73,KO,Consumer Staples,THE COCA-COLA COMPANY
2008,13,GENERAL ELECTRIC COMPANY,GE,100.58,GE,Industrials,GENERAL ELECTRIC COMPANY
2008,14,WELLS FARGO & COMPANY,WFC PR L,98.03,WFC,Financials,WELLS FARGO & COMPANY
2008,15,ALPHABET INC.,GOOG,96.74,GOOG,Communication Services,ALPHABET INC.
2008,16,"CISCO SYSTEMS, INC.",CSCO,95.44,CSCO,Information Technology,"CISCO SYSTEMS, INC."
2008,17,VERIZON COMMUNICATIONS INC.,VZ,94.06,VZ,Communication Services,VERIZON COMMS INC.
2008,18,ORACLE CORPORATION,ORCL,89.47,ORCL,Information Technology,ORACLE CORP
2008,19,Philip Morris International Inc.,PM,88.02,PM,Consumer Staples,Philip Morris International Inc.
2008,20,"PEPSICO, INC.",PEP,85.06,PEP,Consumer Staples,"PEPSICO, INC."
2009,1,EXXON MOBIL CORPORATION,XOM,322.33,XOM,Energy,EXXON MOBIL CORP
2009,2,MICROSOFT CORPORATION,MSFT,268.56,MSFT,Information Technology,MICROSOFT CORP
2009,3,WALMART INC.,WMT,203.65,WMT,Consumer Staples,WALMART INC.
2009,4,ALPHABET INC.,GOOG,196.82,GOOG,Communication Services,ALPHABET INC.
2009,5,APPLE INC.,AAPL,190.98,AAPL,Information Technology,APPLE INC.
2009,6,JOHNSON & JOHNSON,JNJ,177.71,JNJ,Health Care,JOHNSON & JOHNSON
2009,7,THE PROCTER & GAMBLE COMPANY,PG,176.11,PG,Consumer Staples,THE PROCTER & GAMBLE COMPANY
2009,8,JPMORGAN CHASE & CO.,JPM,164.26,JPM,Financials,JPMORGAN CHASE & CO.
2009,9,INTERNATIONAL BUSINESS MACHINES CORPORATION,IBM,163.21,IBM,Information Technology,INTERNATIONAL BUSINESS MACHINES CORP
2009,10,CHEVRON CORPORATION,CVX,154.57,CVX,Energy,CHEVRON CORP
2009,11,BERKSHIRE HATHAWAY INC.,BRK.A,152.97,BRK.B,Financials,BERKSHIRE HATHAWAY INC.
2009,12,WELLS FARGO & COMPANY,WFC,139.77,WFC,Financials,WELLS FARGO & COMPANY
2009,13,PFIZER INC.,PFE,139.06,PFE,Health Care,PFIZER INC.
2009,14,"CISCO SYSTEMS, INC.",CSCO,137.72,CSCO,Information Technology,"CISCO SYSTEMS, INC."
2009,15,THE COCA-COLA COMPANY,KO,131.27,KO,Consumer Staples,THE COCA-COLA COMPANY
2009,16,BANK OF AMERICA CORPORATION,BAC,130.27,BAC,Financials,BANK OF AMERICA CORP
2009,17,AT&T INC.,T,124.85,T,Communication Services,AT&T INC.
2009,18,ORACLE CORPORATION,ORCL,122.93,ORCL,Information Technology,ORACLE CORP
2009,19,INTEL CORPORATION,INTC,112.67,INTC,Information Technology,INTEL CORP
2009,20,"MERCK & CO., INC.",MRK,108.3,MRK,Health Care,"MERCK & CO., INC."
2010,1,EXXON MOBIL CORPORATION,XOM,364.06,XOM,Energy,EXXON MOBIL CORP
2010,2,APPLE INC.,AAPL,297.09,AAPL,Information Technology,APPLE INC.
2010,3,MICROSOFT CORPORATION,MSFT,234.53,MSFT,Information Technology,MICROSOFT CORP
2010,4,BERKSHIRE HATHAWAY INC.,BRK.A,198.05,BRK.B,Financials,BERKSHIRE HATHAWAY INC.
2010,5,WALMART INC.,WMT,192.1,WMT,Consumer Staples,WALMART INC.
2010,6,ALPHABET INC.,GOOG,190.66,GOOG,Communication Services,ALPHABET INC.
2010,7,CHEVRON CORPORATION,CVX,183.18,CVX,Energy,CHEVRON CORP
2010,8,THE PROCTER & GAMBLE COMPANY,PG,180.17,PG,Consumer Staples,THE PROCTER & GAMBLE COMPANY
2010,9,INTERNATIONAL BUSINESS MACHINES CORPORATION,IBM,172.14,IBM,Information Technology,INTERNATIONAL BUSINESS MACHINES CORP
2010,10,JOHNSON & JOHNSON,JNJ,169.86,JNJ,Health Care,JOHNSON & JOHNSON
2010,11,JPMORGAN CHASE & CO.,JPM,165.87,JPM,Financials,JPMORGAN CHASE & CO.
2010,12,WELLS FARGO & COMPANY,WFC,163.08,WFC,Financials,WELLS FARGO & COMPANY
2010,13,ORACLE CORPORATION,ORCL,158.14,ORCL,Information Technology,ORACLE CORP
2010,14,THE COCA-COLA COMPANY,KO,150.74,KO,Consumer Staples,THE COCA-COLA COMPANY
2010,15,CITIGROUP INC.,C,137.45,C,Financials,CITIGROUP INC.
2010,16,BANK OF AMERICA CORPORATION,BAC,134.54,BAC,Financials,BANK OF AMERICA CORP
2010,17,PFIZER INC.,PFE,132.9,PFE,Health Care,PFIZER INC.
2010,18,AT&T INC.,T,131.07,T,Communication Services,AT&T INC.
2010,19,GENERAL ELECTRIC COMPANY,GE,121.08,GE,Industrials,GENERAL ELECTRIC COMPANY
2010,20,INTEL CORPORATION,INTC,115.9,INTC,Information Technology,INTEL CORP
2011,1,EXXON MOBIL CORPORATION,XOM,406.27,XOM,Energy,EXXON MOBIL CORP
2011,2,APPLE INC.,AAPL,377.52,AAPL,Information Technology,APPLE INC.
2011,3,MICROSOFT CORPORATION,MSFT,218.38,MSFT,Information Technology,MICROSOFT CORP
2011,4,CHEVRON CORPORATION,CVX,211.89,CVX,Energy,CHEVRON CORP
2011,5,ALPHABET INC.,GOOG,209,GOOG,Communication Services,ALPHABET INC.
2011,6,INTERNATIONAL BUSINESS MACHINES CORPORATION,IBM,207.01,IBM,Information Technology,INTERNATIONAL BUSINESS MACHINES CORP
2011,7,WALMART INC.,WMT,204.66,WMT,Consumer Staples,WALMART INC.
2011,8,BERKSHIRE HATHAWAY INC.,BRK.A,188.93,BRK.B,Financials,BERKSHIRE HATHAWAY INC.
2011,9,THE PROCTER & GAMBLE COMPANY,PG,183.54,PG,Consumer Staples,THE PROCTER & GAMBLE COMPANY
2011,10,JOHNSON & JOHNSON,JNJ,179.09,JNJ,Health Care,JOHNSON & JOHNSON
2011,11,THE COCA-COLA COMPANY,KO,158.92,KO,Consumer Staples,THE COCA-COLA COMPANY
2011,12,PFIZER INC.,PFE,157.59,PFE,Health Care,PFIZER INC.
2011,13,WELLS FARGO & COMPANY,WFC,145.34,WFC,Financials,WELLS FARGO & COMPANY
2011,14,Philip Morris International Inc.,PM,136.32,PM,Consumer Staples,Philip Morris International Inc.
2011,15,AT&T INC.,T,135.24,T,Communication Services,AT&T INC.
2011,16,ORACLE CORPORATION,ORCL,128.91,ORCL,Information Technology,ORACLE CORP
2011,17,JPMORGAN CHASE & CO.,JPM,126.34,JPM,Financials,JPMORGAN CHASE & CO.
2011,18,INTEL CORPORATION,INTC,123.48,INTC,Information Technology,INTEL CORP
2011,19,GENERAL ELECTRIC COMPANY,GE,117.92,GE,Industrials,GENERAL ELECTRIC COMPANY
2011,20,VERIZON COMMUNICATIONS INC.,VZ,113.58,VZ,Communication Services,VERIZON COMMS INC.
2012,1,APPLE INC.,AAPL,499.7,AAPL,Information Technology,APPLE INC.
2012,2,EXXON MOBIL CORPORATION,XOM,389.65,XOM,Energy,EXXON MOBIL CORP
2012,3,ALPHABET INC.,GOOG,233.19,GOOG,Communication Services,ALPHABET INC.
2012,4,WALMART INC.,WMT,228.25,WMT,Consumer Staples,WALMART INC.
2012,5,MICROSOFT CORPORATION,MSFT,223.67,MSFT,Information Technology,MICROSOFT CORP
2012,6,BERKSHIRE HATHAWAY INC.,BRK.A,221.06,BRK.B,Financials,BERKSHIRE HATHAWAY INC.
2012,7,CHEVRON CORPORATION,CVX,210.52,CVX,Energy,CHEVRON CORP
2012,8,INTERNATIONAL BUSINESS MACHINES CORPORATION,IBM,204.44,IBM,Information Technology,INTERNATIONAL BUSINESS MACHINES CORP
2012,9,JOHNSON & JOHNSON,JNJ,194.77,JNJ,Health Care,JOHNSON & JOHNSON
2012,10,THE PROCTER & GAMBLE COMPANY,PG,185.45,PG,Consumer Staples,THE PROCTER & GAMBLE COMPANY
2012,11,WELLS FARGO & COMPANY,WFC,180,WFC,Financials,WELLS FARGO & COMPANY
2012,12,PFIZER INC.,PFE,172.87,PFE,Health Care,PFIZER INC.
2012,13,JPMORGAN CHASE & CO.,JPM,167.26,JPM,Financials,JPMORGAN CHASE & CO.
2012,14,THE COCA-COLA COMPANY,KO,162,KO,Consumer Staples,THE COCA-COLA COMPANY
2012,15,ORACLE CORPORATION,ORCL,157.75,ORCL,Information Technology,ORACLE CORP
2012,16,AT&T INC.,T,141.99,T,Communication Services,AT&T INC.
2012,17,Philip Morris International Inc.,PM,138.31,PM,Consumer Staples,Philip Morris International Inc.
2012,18,GENERAL ELECTRIC COMPANY,GE,136.21,GE,Industrials,GENERAL ELECTRIC COMPANY
2012,19,BANK OF AMERICA CORPORATION,BAC,125.14,BAC,Financials,BANK OF AMERICA CORP
2012,20,VERIZON COMMUNICATIONS INC.,VZ,123.69,VZ,Communication Services,VERIZON COMMS INC.
2013,1,APPLE INC.,AAPL,500.74,AAPL,Information Technology,APPLE INC.
2013,2,EXXON MOBIL CORPORATION,XOM,438.7,XOM,Energy,EXXON MOBIL CORP
2013,3,ALPHABET INC.,GOOGL,376.01,GOOGL,Communication Services,ALPHABET INC.
2013,4,MICROSOFT CORPORATION,MSFT,310.5,MSFT,Information Technology,MICROSOFT CORP
2013,5,BERKSHIRE HATHAWAY INC.,BRK.A,292.36,BRK.B,Financials,BERKSHIRE HATHAWAY INC.
2013,6,JOHNSON & JOHNSON,JNJ,258.34,JNJ,Health Care,JOHNSON & JOHNSON
2013,7,WALMART INC.,WMT,254.62,WMT,Consumer Staples,WALMART INC.
2013,8,CHEVRON CORPORATION,CVX,239.03,CVX,Energy,CHEVRON CORP
2013,9,WELLS FARGO & COMPANY,WFC,238.68,WFC,Financials,WELLS FARGO & COMPANY
2013,10,THE PROCTER & GAMBLE COMPANY,PG,220.74,PG,Consumer Staples,THE PROCTER & GAMBLE COMPANY
2013,11,JPMORGAN CHASE & CO.,JPM,219.66,JPM,Financials,JPMORGAN CHASE & CO.
2013,12,INTERNATIONAL BUSINESS MACHINES CORPORATION,IBM,188.9,IBM,Information Technology,INTERNATIONAL BUSINESS MACHINES CORP
2013,13,PFIZER INC.,PFE,185.68,PFE,Health Care,PFIZER INC.
2013,14,"AMAZON.COM, INC.",AMZN,183.04,AMZN,Consumer Discretionary,"AMAZON.COM, INC."
2013,15,THE COCA-COLA COMPANY,KO,181.85,KO,Consumer Staples,THE COCA-COLA COMPANY
2013,16,GENERAL ELECTRIC COMPANY,GE,175.87,GE,Industrials,GENERAL ELECTRIC COMPANY
2013,17,ORACLE CORPORATION,ORCL,172.07,ORCL,Information Technology,ORACLE CORP
2013,18,BANK OF AMERICA CORPORATION,BAC,164.91,BAC,Financials,BANK OF AMERICA CORP
2013,19,CITIGROUP INC.,C,157.85,C,Financials,CITIGROUP INC.
2013,20,VERIZON COMMUNICATIONS INC.,VZ,140.64,VZ,Communication Services,VERIZON COMMS INC.
2014,1,APPLE INC.,AAPL,643.12,AAPL,Information Technology,APPLE INC.
2014,2,EXXON MOBIL CORPORATION,XOM,388.38,XOM,Energy,EXXON MOBIL CORP
2014,3,MICROSOFT CORPORATION,MSFT,381.73,MSFT,Information Technology,MICROSOFT CORP
2014,4,BERKSHIRE HATHAWAY INC.,BRK.A,370.02,BRK.B,Financials,BERKSHIRE HATHAWAY INC.
2014,5,ALPHABET INC.,GOOG,361.44,GOOG,Communication Services,ALPHABET INC.
2014,6,JOHNSON & JOHNSON,JNJ,291.04,JNJ,Health Care,JOHNSON & JOHNSON
2014,7,WELLS FARGO & COMPANY,WFC,283.44,WFC,Financials,WELLS FARGO & COMPANY
2014,8,WALMART INC.,WMT,276.81,WMT,Consumer Staples,WALMART INC.
2014,9,THE PROCTER & GAMBLE COMPANY,PG,245.99,PG,Consumer Staples,THE PROCTER & GAMBLE COMPANY
2014,10,JPMORGAN CHASE & CO.,JPM,232.47,JPM,Financials,JPMORGAN CHASE & CO.
2014,11,"Meta Platforms, Inc.",META,216.74,META,Communication Services,"Meta Platforms, Inc."
2014,12,CHEVRON CORPORATION,CVX,210.86,CVX,Energy,CHEVRON CORP
2014,13,ORACLE CORPORATION,ORCL,197.48,ORCL,Information Technology,ORACLE CORP
2014,14,VERIZON COMMUNICATIONS INC.,VZ,194.37,VZ,Communication Services,VERIZON COMMS INC.
2014,15,BANK OF AMERICA CORPORATION,BAC,188.14,BAC,Financials,BANK OF AMERICA CORP
2014,16,PFIZER INC.,PFE,185.64,PFE,Health Care,PFIZER INC.
2014,17,THE COCA-COLA COMPANY,KO,184.33,KO,Consumer Staples,THE COCA-COLA COMPANY
2014,18,INTEL CORPORATION,INTC,172.3,INTC,Information Technology,INTEL CORP
2014,19,CITIGROUP INC.,C,163.62,C,Financials,CITIGROUP INC.
2014,20,VISA INC.,V,160.82,V,Financials,VISA INC.
2015,1,APPLE INC.,AAPL,583.61,AAPL,Information Technology,APPLE INC.
2015,2,ALPHABET INC.,GOOG,534.76,GOOG,Communication Services,ALPHABET INC.
2015,3,MICROSOFT CORPORATION,MSFT,439.68,MSFT,Information Technology,MICROSOFT CORP
2015,4,BERKSHIRE HATHAWAY INC.,BRK.A,325.49,BRK.B,Financials,BERKSHIRE HATHAWAY INC.
2015,5,EXXON MOBIL CORPORATION,XOM,323.96,XOM,Energy,EXXON MOBIL CORP
2015,6,"AMAZON.COM, INC.",AMZN,318.34,AMZN,Consumer Discretionary,"AMAZON.COM, INC."
2015,7,"Meta Platforms, Inc.",META,296.61,META,Communication Services,"Meta Platforms, Inc."
2015,8,JOHNSON & JOHNSON,JNJ,284.22,JNJ,Health Care,JOHNSON & JOHNSON
2015,9,WELLS FARGO & COMPANY,WFC,276.81,WFC,Financials,WELLS FARGO & COMPANY
2015,10,JPMORGAN CHASE & CO.,JPM,241.9,JPM,Financials,JPMORGAN CHASE & CO.
2015,11,THE PROCTER & GAMBLE COMPANY,PG,214.77,PG,Consumer Staples,THE PROCTER & GAMBLE COMPANY
2015,12,WALMART INC.,WMT,196.28,WMT,Consumer Staples,WALMART INC.
2015,13,PFIZER INC.,PFE,188.83,PFE,Health Care,PFIZER INC.
2015,14,VERIZON COMMUNICATIONS INC.,VZ,188.26,VZ,Communication Services,VERIZON COMMS INC.
2015,15,VISA INC.,V,185.77,V,Financials,VISA INC.
2015,16,THE COCA-COLA COMPANY,KO,185.76,KO,Consumer Staples,THE COCA-COLA COMPANY
2015,17,GENERAL ELECTRIC COMPANY,GE,182.2,GE,Industrials,GENERAL ELECTRIC COMPANY
2015,18,BANK OF AMERICA CORPORATION,BAC,174.7,BAC,Financials,BANK OF AMERICA CORP
2015,19,THE WALT DISNEY COMPANY,DIS,173.72,DIS,Communication Services,THE WALT DISNEY COMPANY
2015,20,CHEVRON CORPORATION,CVX,169.38,CVX,Energy,CHEVRON CORP
2016,1,APPLE INC.,AAPL,608.96,AAPL,Information Technology,APPLE INC.
2016,2,ALPHABET INC.,GOOG,546.19,GOOG,Communication Services,ALPHABET INC.
2016,3,MICROSOFT CORPORATION,MSFT,483.16,MSFT,Information Technology,MICROSOFT CORP
2016,4,BERKSHIRE HATHAWAY INC.,BRK.A,401.92,BRK.B,Financials,BERKSHIRE HATHAWAY INC.
2016,5,EXXON MOBIL CORPORATION,XOM,374.28,XOM,Energy,EXXON MOBIL CORP
2016,6,"AMAZON.COM, INC.",AMZN,356.31,AMZN,Consumer Discretionary,"AMAZON.COM, INC."
2016,7,"Meta Platforms, Inc.",META,331.59,META,Communication Services,"Meta Platforms, Inc."
2016,8,JOHNSON & JOHNSON,JNJ,313.43,JNJ,Health Care,JOHNSON & JOHNSON
2016,9,JPMORGAN CHASE & CO.,JPM,308.77,JPM,Financials,JPMORGAN CHASE & CO.
2016,10,WELLS FARGO & COMPANY,WFC,276.78,WFC,Financials,WELLS FARGO & COMPANY
2016,11,THE PROCTER & GAMBLE COMPANY,PG,225,PG,Consumer Staples,THE PROCTER & GAMBLE COMPANY
2016,12,BANK OF AMERICA CORPORATION,BAC,223.32,BAC,Financials,BANK OF AMERICA CORP
2016,13,CHEVRON CORPORATION,CVX,222.19,CVX,Energy,CHEVRON CORP
2016,14,VERIZON COMMUNICATIONS INC.,VZ,217.61,VZ,Communication Services,VERIZON COMMS INC.
2016,15,WALMART INC.,WMT,212.42,WMT,Consumer Staples,WALMART INC.
2016,16,AT&T INC.,T,197.11,T,Communication Services,AT&T INC.
2016,17,PFIZER INC.,PFE,186.72,PFE,Health Care,PFIZER INC.
2016,18,VISA INC.,V,183.27,V,Financials,VISA INC.
2016,19,THE COCA-COLA COMPANY,KO,178.82,KO,Consumer Staples,THE COCA-COLA COMPANY
2016,20,GENERAL ELECTRIC COMPANY,GE,174.33,GE,Industrials,GENERAL ELECTRIC COMPANY
2017,1,APPLE INC.,AAPL,860.88,AAPL,Information Technology,APPLE INC.
2017,2,ALPHABET INC.,GOOG,731.9,GOOG,Communication Services,ALPHABET INC.
2017,3,MICROSOFT CORPORATION,MSFT,659.91,MSFT,Information Technology,MICROSOFT CORP
2017,4,"AMAZON.COM, INC.",AMZN,563.54,AMZN,Consumer Discretionary,"AMAZON.COM, INC."
2017,5,"Meta Platforms, Inc.",META,512.76,META,Communication Services,"Meta Platforms, Inc."
2017,6,BERKSHIRE HATHAWAY INC.,BRK.A,489.05,BRK.B,Financials,BERKSHIRE HATHAWAY INC.
2017,7,JOHNSON & JOHNSON,JNJ,375.36,JNJ,Health Care,JOHNSON & JOHNSON
2017,8,JPMORGAN CHASE & CO.,JPM,371.05,JPM,Financials,JPMORGAN CHASE & CO.
2017,9,EXXON MOBIL CORPORATION,XOM,354.39,XOM,Energy,EXXON MOBIL CORP
2017,10,BANK OF AMERICA CORPORATION,BAC,307.91,BAC,Financials,BANK OF AMERICA CORP
2017,11,WELLS FARGO & COMPANY,WFC,298.75,WFC,Financials,WELLS FARGO & COMPANY
2017,12,WALMART INC.,WMT,292.54,WMT,Consumer Staples,WALMART INC.
2017,13,VISA INC.,V,260.92,V,Financials,VISA INC.
2017,14,CHEVRON CORPORATION,CVX,237.78,CVX,Energy,CHEVRON CORP
2017,15,THE PROCTER & GAMBLE COMPANY,PG,233.1,PG,Consumer Staples,THE PROCTER & GAMBLE COMPANY
2017,16,"THE HOME DEPOT, INC.",HD,221.32,HD,Consumer Discretionary,"THE HOME DEPOT, INC."
2017,17,INTEL CORPORATION,INTC,216.03,INTC,Information Technology,INTEL CORP
2017,18,VERIZON COMMUNICATIONS INC.,VZ,215.92,VZ,Communication Services,VERIZON COMMS INC.
2017,19,UNITEDHEALTH GROUP INCORPORATED,UNH,213.64,UNH,Health Care,United Health Group Inc
2017,20,PFIZER INC.,PFE,204.53,PFE,Health Care,PFIZER INC.
2018,1,MICROSOFT CORPORATION,MSFT,780.36,MSFT,Information Technology,MICROSOFT CORP
2018,2,APPLE INC.,AAPL,746.08,AAPL,Information Technology,APPLE INC.
2018,3,"AMAZON.COM, INC.",AMZN,737.47,AMZN,Consumer Discretionary,"AMAZON.COM, INC."
2018,4,ALPHABET INC.,GOOG,726.83,GOOG,Communication Services,ALPHABET INC.
2018,5,BERKSHIRE HATHAWAY INC.,BRK.A,502.57,BRK.B,Financials,BERKSHIRE HATHAWAY INC.
2018,6,"Meta Platforms, Inc.",META,374.13,META,Communication Services,"Meta Platforms, Inc."
2018,7,JOHNSON & JOHNSON,JNJ,343.57,JNJ,Health Care,JOHNSON & JOHNSON
2018,8,JPMORGAN CHASE & CO.,JPM,319.78,JPM,Financials,JPMORGAN CHASE & CO.
2018,9,VISA INC.,V,293.97,V,Financials,VISA INC.
2018,10,EXXON MOBIL CORPORATION,XOM,288.92,XOM,Energy,EXXON MOBIL CORP
2018,11,WALMART INC.,WMT,270.62,WMT,Consumer Staples,WALMART INC.
2018,12,UNITEDHEALTH GROUP INCORPORATED,UNH,239.16,UNH,Health Care,United Health Group Inc
2018,13,BANK OF AMERICA CORPORATION,BAC,238.25,BAC,Financials,BANK OF AMERICA CORP
2018,14,PFIZER INC.,PFE,236.4,PFE,Health Care,PFIZER INC.
2018,15,VERIZON COMMUNICATIONS INC.,VZ,232.3,VZ,Communication Services,VERIZON COMMS INC.
2018,16,THE PROCTER & GAMBLE COMPANY,PG,229.95,PG,Consumer Staples,THE PROCTER & GAMBLE COMPANY
2018,17,INTEL CORPORATION,INTC,211.94,INTC,Information Technology,INTEL CORP
2018,18,WELLS FARGO & COMPANY,WFC,211.1,WFC,Financials,WELLS FARGO & COMPANY
2018,19,CHEVRON CORPORATION,CVX,207.01,CVX,Energy,CHEVRON CORP
2018,20,THE COCA-COLA COMPANY,KO,202.1,KO,Consumer Staples,THE COCA-COLA COMPANY
2019,1,APPLE INC.,AAPL,1288,AAPL,Information Technology,APPLE INC.
2019,2,MICROSOFT CORPORATION,MSFT,1200,MSFT,Information Technology,MICROSOFT CORP
2019,3,ALPHABET INC.,GOOGL,921.95,GOOGL,Communication Services,ALPHABET INC.
2019,4,"AMAZON.COM, INC.",AMZN,920.22,AMZN,Consumer Discretionary,"AMAZON.COM, INC."
2019,5,"Meta Platforms, Inc.",META,585.37,META,Communication Services,"Meta Platforms, Inc."
2019,6,BERKSHIRE HATHAWAY INC.,BRK.A,552.08,BRK.B,Financials,BERKSHIRE HATHAWAY INC.
2019,7,JPMORGAN CHASE & CO.,JPM,429.91,JPM,Financials,JPMORGAN CHASE & CO.
2019,8,VISA INC.,V,409.44,V,Financials,VISA INC.
2019,9,JOHNSON & JOHNSON,JNJ,384,JNJ,Health Care,JOHNSON & JOHNSON
2019,10,WALMART INC.,WMT,337.17,WMT,Consumer Staples,WALMART INC.
2019,11,BANK OF AMERICA CORPORATION,BAC,311.21,BAC,Financials,BANK OF AMERICA CORP
2019,12,THE PROCTER & GAMBLE COMPANY,PG,308.43,PG,Consumer Staples,THE PROCTER & GAMBLE COMPANY
2019,13,MASTERCARD INCORPORATED.,MA,300.8,MA,Financials,MASTERCARD INC.
2019,14,EXXON MOBIL CORPORATION,XOM,295.45,XOM,Energy,EXXON MOBIL CORP
2019,15,UNITEDHEALTH GROUP INCORPORATED,UNH,278.69,UNH,Health Care,United Health Group Inc
2019,16,THE WALT DISNEY COMPANY,DIS,257.59,DIS,Communication Services,THE WALT DISNEY COMPANY
2019,17,INTEL CORPORATION,INTC,256.76,INTC,Information Technology,INTEL CORP
2019,18,VERIZON COMMUNICATIONS INC.,VZ,253.94,VZ,Communication Services,VERIZON COMMS INC.
2019,19,"THE HOME DEPOT, INC.",HD,238.22,HD,Consumer Discretionary,"THE HOME DEPOT, INC."
2019,20,THE COCA-COLA COMPANY,KO,236.91,KO,Consumer Staples,THE COCA-COLA COMPANY
2020,1,APPLE INC.,AAPL,2232,AAPL,Information Technology,APPLE INC.
2020,2,MICROSOFT CORPORATION,MSFT,1678,MSFT,Information Technology,MICROSOFT CORP
2020,3,"AMAZON.COM, INC.",AMZN,1638,AMZN,Consumer Discretionary,"AMAZON.COM, INC."
2020,4,ALPHABET INC.,GOOG,1183,GOOG,Communication Services,ALPHABET INC.
2020,5,"Meta Platforms, Inc.",META,778.23,META,Communication Services,"Meta Platforms, Inc."
2020,6,"TESLA, INC.",TSLA,677.44,TSLA,Consumer Discretionary,"TESLA, INC."
2020,7,BERKSHIRE HATHAWAY INC.,BRK.A,537,BRK.B,Financials,BERKSHIRE HATHAWAY INC.
2020,8,VISA INC.,V,473.78,V,Financials,VISA INC.
2020,9,JOHNSON & JOHNSON,JNJ,414.31,JNJ,Health Care,JOHNSON & JOHNSON
2020,10,WALMART INC.,WMT,407.84,WMT,Consumer Staples,WALMART INC.
2020,11,JPMORGAN CHASE & CO.,JPM,387.49,JPM,Financials,JPMORGAN CHASE & CO.
2020,12,MASTERCARD INCORPORATED.,MA,355.32,MA,Financials,MASTERCARD INC.
2020,13,THE PROCTER & GAMBLE COMPANY,PG,342.63,PG,Consumer Staples,THE PROCTER & GAMBLE COMPANY
2020,14,UNITEDHEALTH GROUP INCORPORATED,UNH,331.74,UNH,Health Care,United Health Group Inc
2020,15,THE WALT DISNEY COMPANY,DIS,328.02,DIS,Communication Services,THE WALT DISNEY COMPANY
2020,16,NVIDIA CORPORATION,NVDA,323.24,NVDA,Information Technology,NVIDIA CORP
2020,17,"THE HOME DEPOT, INC.",HD,285.97,HD,Consumer Discretionary,"THE HOME DEPOT, INC."
2020,18,"PAYPAL HOLDINGS, INC.",PYPL,274.41,PYPL,Financials,"PAYPAL HOLDINGS, INC."
2020,19,BANK OF AMERICA CORPORATION,BAC,262.21,BAC,Financials,BANK OF AMERICA CORP
2020,20,VERIZON COMMUNICATIONS INC.,VZ,243.12,VZ,Communication Services,VERIZON COMMS INC.
2021,1,APPLE INC.,AAPL,2902,AAPL,Information Technology,APPLE INC.
2021,2,MICROSOFT CORPORATION,MSFT,2522,MSFT,Information Technology,MICROSOFT CORP
2021,3,ALPHABET INC.,GOOGL,1918,GOOGL,Communication Services,ALPHABET INC.
2021,4,"AMAZON.COM, INC.",AMZN,1697,AMZN,Consumer Discretionary,"AMAZON.COM, INC."
2021,5,"TESLA, INC.",TSLA,1092,TSLA,Consumer Discretionary,"TESLA, INC."
2021,6,"Meta Platforms, Inc.",META,921.94,META,Communication Services,"Meta Platforms, Inc."
2021,7,NVIDIA CORPORATION,NVDA,735.28,NVDA,Information Technology,NVIDIA CORP
2021,8,BERKSHIRE HATHAWAY INC.,BRK.A,662.63,BRK.B,Financials,BERKSHIRE HATHAWAY INC.
2021,9,UNITEDHEALTH GROUP INCORPORATED,UNH,472.51,UNH,Health Care,United Health Group Inc
2021,10,JPMORGAN CHASE & CO.,JPM,466.21,JPM,Financials,JPMORGAN CHASE & CO.
2021,11,VISA INC.,V,460.95,V,Financials,VISA INC.
2021,12,JOHNSON & JOHNSON,JNJ,450.36,JNJ,Health Care,JOHNSON & JOHNSON
2021,13,"THE HOME DEPOT, INC.",HD,433.37,HD,Consumer Discretionary,"THE HOME DEPOT, INC."
2021,14,"Wal-Mart de Mxico, S.A.B. de C.V.",WMMVY,401.35,WMT,Consumer Staples,"Wal-Mart de Mxico, S.A.B. de C.V."
2021,15,THE PROCTER & GAMBLE COMPANY,PG,392.11,PG,Consumer Staples,THE PROCTER & GAMBLE COMPANY
2021,16,BANK OF AMERICA CORPORATION,BAC,359.38,BAC,Financials,BANK OF AMERICA CORP
2021,17,MASTERCARD INCORPORATED.,MA,352.13,MA,Financials,MASTERCARD INC.
2021,18,PFIZER INC.,PFE,331.86,PFE,Health Care,PFIZER INC.
2021,19,THE WALT DISNEY COMPANY,DIS,281.54,DIS,Communication Services,THE WALT DISNEY COMPANY
2021,20,BROADCOM INC.,AVGO,274.73,AVGO,Information Technology,BROADCOM INC.
2022,1,APPLE INC.,AAPL,2067,AAPL,Information Technology,APPLE INC.
2022,2,MICROSOFT CORPORATION,MSFT,1788,MSFT,Information Technology,MICROSOFT CORP
2022,3,ALPHABET INC.,GOOGL,1148,GOOGL,Communication Services,ALPHABET INC.
2022,4,"AMAZON.COM, INC.",AMZN,856.94,AMZN,Consumer Discretionary,"AMAZON.COM, INC."
2022,5,BERKSHIRE HATHAWAY INC.,BRK.A,678.72,BRK.B,Financials,BERKSHIRE HATHAWAY INC.
2022,6,UNITEDHEALTH GROUP INCORPORATED,UNH,495.37,UNH,Health Care,United Health Group Inc
2022,7,JOHNSON & JOHNSON,JNJ,461.85,JNJ,Health Care,JOHNSON & JOHNSON
2022,8,EXXON MOBIL CORPORATION,XOM,454.25,XOM,Energy,EXXON MOBIL CORP
2022,9,VISA INC.,V,439.96,V,Financials,VISA INC.
2022,10,JPMORGAN CHASE & CO.,JPM,393.34,JPM,Financials,JPMORGAN CHASE & CO.
2022,11,"TESLA, INC.",TSLA,388.97,TSLA,Consumer Discretionary,"TESLA, INC."
2022,12,WALMART INC.,WMT,382.38,WMT,Consumer Staples,WALMART INC.
2022,13,NVIDIA CORPORATION,NVDA,359.5,NVDA,Information Technology,NVIDIA CORP
2022,14,THE PROCTER & GAMBLE COMPANY,PG,359.15,PG,Consumer Staples,THE PROCTER & GAMBLE COMPANY
2022,15,ELI LILLY AND COMPANY,LLY,347.61,LLY,Health Care,ELI LILLY AND COMPANY
2022,16,CHEVRON CORPORATION,CVX,344.53,CVX,Energy,CHEVRON CORP
2022,17,MASTERCARD INCORPORATED.,MA,334.33,MA,Financials,MASTERCARD INC.
2022,18,"THE HOME DEPOT, INC.",HD,321.92,HD,Consumer Discretionary,"THE HOME DEPOT, INC."
2022,19,"Meta Platforms, Inc.",META,315.56,META,Communication Services,"Meta Platforms, Inc."
2022,20,PFIZER INC.,PFE,287.63,PFE,Health Care,PFIZER INC.
2023,1,APPLE INC.,AAPL,2994,AAPL,Information Technology,APPLE INC.
2023,2,MICROSOFT CORPORATION,MSFT,2795,MSFT,Information Technology,MICROSOFT CORP
2023,3,ALPHABET INC.,GOOGL,1764,GOOGL,Communication Services,ALPHABET INC.
2023,4,"AMAZON.COM, INC.",AMZN,1570,AMZN,Consumer Discretionary,"AMAZON.COM, INC."
2023,5,NVIDIA CORPORATION,NVDA,1223,NVDA,Information Technology,NVIDIA CORP
2023,6,"Meta Platforms, Inc.",META,909.63,META,Communication Services,"Meta Platforms, Inc."
2023,7,"TESLA, INC.",TSLA,789.9,TSLA,Consumer Discretionary,"TESLA, INC."
2023,8,BERKSHIRE HATHAWAY INC.,BRK.A,772.53,BRK.B,Financials,BERKSHIRE HATHAWAY INC.
2023,9,ELI LILLY AND COMPANY,LLY,553.37,LLY,Health Care,ELI LILLY AND COMPANY
2023,10,VISA INC.,V,535.07,V,Financials,VISA INC.
2023,11,BROADCOM INC.,AVGO,522.56,AVGO,Information Technology,BROADCOM INC.
2023,12,JPMORGAN CHASE & CO.,JPM,491.76,JPM,Financials,JPMORGAN CHASE & CO.
2023,13,UNITEDHEALTH GROUP INCORPORATED,UNH,486.95,UNH,Health Care,United Health Group Inc
2023,14,"Wal-Mart de Mxico, S.A.B. de C.V.",WMMVY,424.43,WMT,Consumer Staples,"Wal-Mart de Mxico, S.A.B. de C.V."
2023,15,MASTERCARD INCORPORATED.,MA,400.13,MA,Financials,MASTERCARD INC.
2023,16,EXXON MOBIL CORPORATION,XOM,399.6,XOM,Energy,EXXON MOBIL CORP
2023,17,JOHNSON & JOHNSON,JNJ,377.32,JNJ,Health Care,JOHNSON & JOHNSON
2023,18,THE PROCTER & GAMBLE COMPANY,PG,345.38,PG,Consumer Staples,THE PROCTER & GAMBLE COMPANY
2023,19,"THE HOME DEPOT, INC.",HD,344.91,HD,Consumer Discretionary,"THE HOME DEPOT, INC."
2023,20,COSTCO WHOLESALE CORPORATION,COST,292.9,COST,Consumer Staples,COSTCO WHOLESALE CORP
2024,1,APPLE INC.,AAPL,3785,AAPL,Information Technology,APPLE INC.
2024,2,NVIDIA CORPORATION,NVDA,3289,NVDA,Information Technology,NVIDIA CORP
2024,3,MICROSOFT CORPORATION,MSFT,3134,MSFT,Information Technology,MICROSOFT CORP
2024,4,ALPHABET INC.,GOOG,2331,GOOG,Communication Services,ALPHABET INC.
2024,5,"AMAZON.COM, INC.",AMZN,2307,AMZN,Consumer Discretionary,"AMAZON.COM, INC."
2024,6,"Meta Platforms, Inc.",META,1478,META,Communication Services,"Meta Platforms, Inc."
2024,7,"TESLA, INC.",TSLA,1296,TSLA,Consumer Discretionary,"TESLA, INC."
2024,8,BROADCOM INC.,AVGO,1087,AVGO,Information Technology,BROADCOM INC.
2024,9,BERKSHIRE HATHAWAY INC.,BRK.A,977.46,BRK.B,Financials,BERKSHIRE HATHAWAY INC.
2024,10,ELI LILLY AND COMPANY,LLY,732.87,LLY,Health Care,ELI LILLY AND COMPANY
2024,11,WALMART INC.,WMT,725.82,WMT,Consumer Staples,WALMART INC.
2024,12,JPMORGAN CHASE & CO.,JPM,674.87,JPM,Financials,JPMORGAN CHASE & CO.
2024,13,VISA INC.,V,612,V,Financials,VISA INC.
2024,14,MASTERCARD INCORPORATED.,MA,483.3,MA,Financials,MASTERCARD INC.
2024,15,EXXON MOBIL CORPORATION,XOM,472.78,XOM,Energy,EXXON MOBIL CORP
2024,16,ORACLE CORPORATION,ORCL,466.08,ORCL,Information Technology,ORACLE CORP
2024,17,UNITEDHEALTH GROUP INCORPORATED,UNH,465.54,UNH,Health Care,United Health Group Inc
2024,18,COSTCO WHOLESALE CORPORATION,COST,406.73,COST,Consumer Staples,COSTCO WHOLESALE CORP
2024,19,THE PROCTER & GAMBLE COMPANY,PG,394.82,PG,Consumer Staples,THE PROCTER & GAMBLE COMPANY
2024,20,"THE HOME DEPOT, INC.",HD,386.41,HD,Consumer Discretionary,"THE HOME DEPOT, INC."
2025,1,NVIDIA CORPORATION,NVDA,4341,NVDA,Information Technology,NVIDIA CORP
2025,2,MICROSOFT CORPORATION,MSFT,3770,MSFT,Information Technology,MICROSOFT CORP
2025,3,APPLE INC.,AAPL,3380,AAPL,Information Technology,APPLE INC.
2025,4,ALPHABET INC.,GOOG,2492,GOOG,Communication Services,ALPHABET INC.
2025,5,"AMAZON.COM, INC.",AMZN,2441,AMZN,Consumer Discretionary,"AMAZON.COM, INC."
2025,6,"Meta Platforms, Inc.",META,1896,META,Communication Services,"Meta Platforms, Inc."
2025,7,BROADCOM INC.,AVGO,1383,AVGO,Information Technology,BROADCOM INC.
2025,8,"TESLA, INC.",TSLA,1097,TSLA,Consumer Discretionary,"TESLA, INC."
2025,9,BERKSHIRE HATHAWAY INC.,BRK.A,1055,BRK.B,Financials,BERKSHIRE HATHAWAY INC.
2025,10,JPMORGAN CHASE & CO.,JPM,814.59,JPM,Financials,JPMORGAN CHASE & CO.
2025,11,WALMART INC.,WMT,772.74,WMT,Consumer Staples,WALMART INC.
2025,12,VISA INC.,V,679.41,V,Financials,VISA INC.
2025,13,ORACLE CORPORATION,ORCL,663.92,ORCL,Information Technology,ORACLE CORP
2025,14,ELI LILLY AND COMPANY,LLY,637.99,LLY,Health Care,ELI LILLY AND COMPANY
2025,15,MASTERCARD INCORPORATED.,MA,541.47,MA,Financials,MASTERCARD INC.
2025,16,"NETFLIX, INC.",NFLX,511.89,NFLX,Communication Services,"NETFLIX, INC."
2025,17,EXXON MOBIL CORPORATION,XOM,474.41,XOM,Energy,EXXON MOBIL CORP
2025,18,JOHNSON & JOHNSON,JNJ,431.79,JNJ,Health Care,JOHNSON & JOHNSON
2025,19,COSTCO WHOLESALE CORPORATION,COST,425.09,COST,Consumer Staples,COSTCO WHOLESALE CORP
2025,20,"THE HOME DEPOT, INC.",HD,410.7,HD,Consumer Discretionary,"THE HOME DEPOT, INC."